optimized_file,url_path,suggested_menu_name,source_file_used,source_index_first_seen,duplicate_source_count,source_width,source_height,source_kb,optimized_kb,optimized_width,optimized_height
kingfish-nigiri.webp,/assets/menu-photos/kingfish-nigiri.webp,Kingfish Nigiri,Image_20260625202644_178_273.jpg,1,3,4032,3024,2405.3,46.6,1200,800
pork-gyoza.webp,/assets/menu-photos/pork-gyoza.webp,Pork Gyoza,Image_20260625202647_179_273.jpg,3,2,4032,3024,3071.2,53.7,1200,800
miso-soup.webp,/assets/menu-photos/miso-soup.webp,Miso Soup,Image_20260625202651_180_273.jpg,4,2,3024,4032,2120.0,53.5,1200,800
california-roll.webp,/assets/menu-photos/california-roll.webp,California Roll,Image_20260625202654_181_273.jpg,5,2,4032,3024,2492.5,70.3,1200,800
salmon-maki.webp,/assets/menu-photos/salmon-maki.webp,Salmon Maki,Image_20260625202712_182_273.jpg,6,4,4032,3024,2483.2,63.8,1200,800
cucumber-maki.webp,/assets/menu-photos/cucumber-maki.webp,Cucumber Maki,Image_20260625202736_183_273.jpg,7,2,4032,3024,2911.2,27.0,1200,800
tofu-avocado-salad.webp,/assets/menu-photos/tofu-avocado-salad.webp,Tofu Avocado Salad,Image_20260625202739_184_273.jpg,8,4,3024,4032,2890.1,118.1,1200,800
sashimi-platter.webp,/assets/menu-photos/sashimi-platter.webp,Sashimi Platter,Image_20260625202741_185_273.jpg,9,2,3024,4032,4559.2,138.5,1200,800
salmon-salad.webp,/assets/menu-photos/salmon-salad.webp,Salmon Salad,Image_20260625202744_186_273.jpg,10,2,3024,4032,3312.8,166.6,1200,800
kimchi.webp,/assets/menu-photos/kimchi.webp,Kimchi,Image_20260625202746_187_273.jpg,11,2,4032,3024,2294.8,41.5,1200,800
seaweed-salad.webp,/assets/menu-photos/seaweed-salad.webp,Seaweed Salad,Image_20260625202748_188_273.jpg,12,2,3024,4032,2467.8,65.9,1200,800
salmon-nigiri.webp,/assets/menu-photos/salmon-nigiri.webp,Salmon Nigiri,Image_20260625202751_189_273.jpg,13,2,4032,3024,2721.8,35.3,1200,800
katsu-chicken.webp,/assets/menu-photos/katsu-chicken.webp,Katsu Chicken,Image_20260625202753_190_273.jpg,14,2,3024,4032,3392.9,101.7,1200,800
pork-gyoza-2.webp,/assets/menu-photos/pork-gyoza-2.webp,Pork Gyoza,Image_20260625202801_191_273.jpg,15,2,4032,3024,2949.1,56.1,1200,800
pork-gyoza-3.webp,/assets/menu-photos/pork-gyoza-3.webp,Pork Gyoza,Image_20260625202804_192_273.jpg,16,2,4032,3024,3082.3,63.9,1200,800
salmon-salad-2.webp,/assets/menu-photos/salmon-salad-2.webp,Salmon Salad,Image_20260625202806_193_273.jpg,17,2,3024,4032,2625.0,91.9,1200,800
pork-gyoza-4.webp,/assets/menu-photos/pork-gyoza-4.webp,Pork Gyoza,Image_20260625202809_194_273.jpg,18,2,4032,3024,2660.3,76.4,1200,800
nigiri-platter.webp,/assets/menu-photos/nigiri-platter.webp,Nigiri Platter,Image_20260625202812_195_273.jpg,19,2,4032,3024,3256.6,114.8,1200,800
karaage-chicken.webp,/assets/menu-photos/karaage-chicken.webp,Karaage Chicken,Image_20260625202814_196_273.jpg,20,6,4032,3024,3143.6,120.5,1200,800
mixed-sashimi.webp,/assets/menu-photos/mixed-sashimi.webp,Mixed Sashimi,Image_20260625202817_197_273.jpg,21,2,4032,3024,3068.5,93.8,1200,800
pork-bun.webp,/assets/menu-photos/pork-bun.webp,Pork Bun,Image_20260625202933_227_273.jpg,22,5,4032,3024,3232.6,86.9,1200,800
edamame.webp,/assets/menu-photos/edamame.webp,Edamame,Image_20260625202822_199_273.jpg,23,2,4032,3024,2338.8,53.8,1200,800
spicy-edamame.webp,/assets/menu-photos/spicy-edamame.webp,Spicy Edamame,Image_20260625202824_200_273.jpg,24,4,4032,3024,2084.6,65.8,1200,800
miso-eggplant.webp,/assets/menu-photos/miso-eggplant.webp,Miso Eggplant,Image_20260625202827_201_273.jpg,25,2,4032,3024,2810.3,90.8,1200,800
vegetarian-roll.webp,/assets/menu-photos/vegetarian-roll.webp,Vegetarian Roll,Image_20260625202829_202_273.jpg,26,2,4032,3024,3149.2,65.7,1200,800
kingfish-sashimi.webp,/assets/menu-photos/kingfish-sashimi.webp,Kingfish Sashimi,Image_20260625202834_204_273.jpg,28,2,4032,3024,3114.4,46.5,1200,800
vegetarian-roll-2.webp,/assets/menu-photos/vegetarian-roll-2.webp,Vegetarian Roll,Image_20260625202837_205_273.jpg,29,2,4032,3024,3257.9,70.4,1200,800
cooked-tuna-roll.webp,/assets/menu-photos/cooked-tuna-roll.webp,Cooked Tuna Roll,Image_20260625202840_206_273.jpg,30,2,4032,3024,3078.5,61.9,1200,800
teriyaki-chicken-roll.webp,/assets/menu-photos/teriyaki-chicken-roll.webp,Teriyaki Chicken Roll,Image_20260625202843_207_273.jpg,31,5,4032,3024,3357.5,141.1,1200,800
vegetarian-sushi-roll.webp,/assets/menu-photos/vegetarian-sushi-roll.webp,Vegetarian Sushi Roll,Image_20260625202846_208_273.jpg,32,2,4032,3024,3219.0,64.0,1200,800
kingfish-carpaccio.webp,/assets/menu-photos/kingfish-carpaccio.webp,Kingfish Carpaccio,Image_20260625202848_209_273.jpg,33,2,4032,3024,2896.6,48.6,1200,800
sushi-roll.webp,/assets/menu-photos/sushi-roll.webp,Sushi Roll,Image_20260625202850_210_273.jpg,34,2,4032,3024,3196.9,61.6,1200,800
sushi-roll-2.webp,/assets/menu-photos/sushi-roll-2.webp,Sushi Roll,Image_20260625202853_211_273.jpg,35,2,4032,3024,3281.9,70.0,1200,800
sushi-roll-3.webp,/assets/menu-photos/sushi-roll-3.webp,Sushi Roll,Image_20260625202855_212_273.png,36,2,1290,2796,2314.6,53.9,1200,800
tuna-maki.webp,/assets/menu-photos/tuna-maki.webp,Tuna Maki,Image_20260625202857_213_273.jpg,38,2,3024,4032,3524.8,131.5,1200,800
tuna-nigiri.webp,/assets/menu-photos/tuna-nigiri.webp,Tuna Nigiri,Image_20260625202522_144_273.jpg,40,1,1276,958,88.0,49.5,1200,800
ramen.webp,/assets/menu-photos/ramen.webp,Ramen,Image_20260625202528_145_273.jpg,41,1,1702,1276,239.0,109.5,1200,800
salmon-sashimi.webp,/assets/menu-photos/salmon-sashimi.webp,Salmon Sashimi,Image_20260625202903_215_273.jpg,42,2,4032,3024,3063.7,38.1,1200,800
fresh-salmon-deluxe-roll.webp,/assets/menu-photos/fresh-salmon-deluxe-roll.webp,Fresh Salmon Deluxe Roll,Image_20260625202908_217_273.jpg,45,2,4032,3024,2972.6,45.2,1200,800
stir-fried-vegetables.webp,/assets/menu-photos/stir-fried-vegetables.webp,Stir Fried Vegetables,Image_20260625202910_218_273.jpg,46,2,4032,3024,2906.8,65.0,1200,800
avocado-salad.webp,/assets/menu-photos/avocado-salad.webp,Avocado Salad,Image_20260625202912_219_273.jpg,47,2,4032,3024,3206.5,83.7,1200,800
cucumber-maki-2.webp,/assets/menu-photos/cucumber-maki-2.webp,Cucumber Maki,Image_20260625202918_221_273.jpg,49,2,4032,3024,2714.9,30.3,1200,800
sushi-roll-4.webp,/assets/menu-photos/sushi-roll-4.webp,Sushi Roll,Image_20260625202920_222_273.jpg,50,2,4032,3024,3276.3,66.5,1200,800
miso-eggplant-2.webp,/assets/menu-photos/miso-eggplant-2.webp,Miso Eggplant,Image_20260625202923_223_273.jpg,51,2,4032,3024,3397.9,74.2,1200,800
sushi-roll-5.webp,/assets/menu-photos/sushi-roll-5.webp,Sushi Roll,Image_20260625202925_224_273.jpg,52,2,4032,3024,3161.2,60.8,1200,800
fresh-salmon-deluxe-roll-2.webp,/assets/menu-photos/fresh-salmon-deluxe-roll-2.webp,Fresh Salmon Deluxe Roll,Image_20260625202928_225_273.jpg,53,2,4032,3024,3124.4,59.3,1200,800
nigiri-platter-2.webp,/assets/menu-photos/nigiri-platter-2.webp,Nigiri Platter,Image_20260625202930_226_273.jpg,54,2,4032,3024,2913.3,53.1,1200,800
egg-tamago-maki.webp,/assets/menu-photos/egg-tamago-maki.webp,Egg Tamago Maki,Image_20260625202940_230_273.jpg,58,2,4032,3024,2404.3,48.8,1200,800
teriyaki-chicken-maki.webp,/assets/menu-photos/teriyaki-chicken-maki.webp,Teriyaki Chicken Maki,Image_20260625202942_231_273.jpg,59,2,4032,3024,2522.2,53.3,1200,800
tuna-tataki.webp,/assets/menu-photos/tuna-tataki.webp,Tuna Tataki,Image_20260625202945_232_273.jpg,60,2,4032,3024,3353.9,64.0,1200,800
mixed-sashimi-2.webp,/assets/menu-photos/mixed-sashimi-2.webp,Mixed Sashimi,Image_20260625202947_233_273.jpg,61,2,4032,3024,2801.8,71.3,1200,800
tempura-white-fish.webp,/assets/menu-photos/tempura-white-fish.webp,Tempura White Fish,Image_20260625202949_234_273.jpg,62,2,4032,3024,2929.6,89.9,1200,800
tuna-tataki-2.webp,/assets/menu-photos/tuna-tataki-2.webp,Tuna Tataki,Image_20260625202952_235_273.jpg,63,2,4032,3024,3333.6,70.8,1200,800
tempura-white-fish-2.webp,/assets/menu-photos/tempura-white-fish-2.webp,Tempura White Fish,Image_20260625202954_236_273.jpg,64,2,4032,3024,2363.6,65.5,1200,800
tuna-tataki-3.webp,/assets/menu-photos/tuna-tataki-3.webp,Tuna Tataki,Image_20260625202957_237_273.jpg,65,2,4032,3024,2557.3,72.3,1200,800
salmon-rice-bowl.webp,/assets/menu-photos/salmon-rice-bowl.webp,Salmon Rice Bowl,Image_20260625203000_238_273.jpg,66,2,4032,3024,3145.2,71.3,1200,800
fried-prawn-roll.webp,/assets/menu-photos/fried-prawn-roll.webp,Fried Prawn Roll,Image_20260625203003_239_273.jpg,67,2,4032,3024,2998.5,50.2,1200,800
tataki-plate.webp,/assets/menu-photos/tataki-plate.webp,Tataki Plate,Image_20260625203005_240_273.jpg,68,2,4032,3024,4132.2,81.5,1200,800
salmon-rice-bowl-2.webp,/assets/menu-photos/salmon-rice-bowl-2.webp,Salmon Rice Bowl,Image_20260625203008_241_273.jpg,69,2,4032,3024,2736.6,75.9,1200,800
karaage-ramen.webp,/assets/menu-photos/karaage-ramen.webp,Karaage Ramen,Image_20260625203010_242_273.jpg,70,2,4032,3024,3702.7,67.3,1200,800
soft-shell-crab.webp,/assets/menu-photos/soft-shell-crab.webp,Soft Shell Crab,Image_20260625203013_243_273.jpg,71,2,4032,3024,3783.6,74.1,1200,800
dynamite-scallops.webp,/assets/menu-photos/dynamite-scallops.webp,Dynamite Scallops,Image_20260625203016_244_273.jpg,72,2,4032,3024,4372.3,109.2,1200,800
